topic,interviewer_baseline,interviewer_comparison,interviewer_effect,interviewer_se,interviewer_p
1,Adina Conn; Adina Conn,Agnieszka McClure; Agnieszka McClure,0.0418523977260104,0.0567973041038898,0.46127814347901
1,Adina Conn; Adina Conn,Ann E. Erling Gofus; Ann E. Erling Gofus,0.0700167080511647,0.0498097508167797,0.15995948954476
1,Adina Conn; Adina Conn,Anthony Young; Anthony Young,0.0332229299559477,0.0762443004246161,0.663065840782359
1,Adina Conn; Adina Conn,Arwin Donohue; Arwin Donohue,0.0168575560715914,0.0413409393022738,0.68348288755586
1,Adina Conn; Adina Conn,Chris Johnson; Chris Johnson,0.0496421239261822,0.057109007224836,0.384804039929071
1,Adina Conn; Adina Conn,Dan Collison,0.000108465076167998,0.0507373738681463,0.998294497571264
1,Adina Conn; Adina Conn,Dan Gedimen; Dan Gedimen,0.0248233145822713,0.03996785632651,0.534610009881866
1,Adina Conn; Adina Conn,Dr. Joan Ringelheim; Dr. Joan Ringelheim,0.0144605998820468,0.0333368768080349,0.664496611785267
1,Adina Conn; Adina Conn,Dr. Radu Ioanid; Dr. Radu Ioanid,0.0644112054798163,0.053430082744851,0.22813096367303
1,Adina Conn; Adina Conn,Duncan Little; Duncan Little,0.067550559341544,0.0579825959979345,0.244139410505224
1,Adina Conn; Adina Conn,Gail Schwartz; Gail Schwartz,0.0492199886571789,0.0331203560473794,0.137397268258129
1,Adina Conn; Adina Conn,Holly Snyder; Holly Snyder,0.0812552811342471,0.0636128078550029,0.201616420160985
1,Adina Conn; Adina Conn,Ina Navazelskis; Ina Navazelskis,0.0370320073419587,0.0322791512018185,0.251406187456059
1,Adina Conn; Adina Conn,Jennifer Clayman,0.0174376188618963,0.0449866674543935,0.698336608216999
1,Adina Conn; Adina Conn,Judith Goldstein; Judith Goldstein,0.042373342061487,0.0565352690882073,0.453634314386975
1,Adina Conn; Adina Conn,Katie Davis,0.00641534055222463,0.042896121638477,0.881129211838942
1,Adina Conn; Adina Conn,Katie Davis; Katie Davis,-0.00954641814135138,0.0382734736622609,0.803054172000035
1,Adina Conn; Adina Conn,Linda G. Kuzmack; Linda G. Kuzmack,0.0293888580002958,0.0326662329420193,0.368393851178118
1,Adina Conn; Adina Conn,Melissa Block; Melissa Block,0.0468165730208514,0.0455838137491615,0.304512698015794
1,Adina Conn; Adina Conn,Michael Berenbaum; Dr. Joan Ringelheim,0.0119858222980215,0.0422647816795872,0.776752128133126
1,Adina Conn; Adina Conn,Mira Hodos; Mira Hodos,0.0194083163855099,0.0431684142880945,0.653046544446682
1,Adina Conn; Adina Conn,Mr. Scott Miller; Mr. Scott Miller,0.0194234064228953,0.0402343677508803,0.629316582705928
1,Adina Conn; Adina Conn,NULL,0.18818832284558,0.0362554849234801,2.28829104868394e-07
1,Adina Conn; Adina Conn,Peggy Frankston; Peggy Frankston,0.121372928205575,0.0929042775505817,0.19154289329349
1,Adina Conn; Adina Conn,Randy M. Goldman; Randy M. Goldman,0.0205716842385408,0.0345781707608706,0.55194961874613
1,Adina Conn; Adina Conn,Regine Beyer,-0.00167743291144502,0.0338436552505432,0.960474191451032
1,Adina Conn; Adina Conn,Sandra Bradley,0.0242082105271331,0.0402513988430916,0.547618673657865
1,Adina Conn; Adina Conn,Sandra Bradley; Sandra Bradley,0.0171792326556775,0.0376876381345606,0.648555736534533
1,Adina Conn; Adina Conn,Sidney M. Bolkosky; Sidney M. Bolkosky,0.0315142137968998,0.0589889096604829,0.593229702572625
1,Adina Conn; Adina Conn,Vera Frankl; Vera Frankl,0.00654503395460086,0.0399999424369537,0.87004053183501
2,Adina Conn; Adina Conn,Agnieszka McClure; Agnieszka McClure,0.0509158971940815,0.0510780571445543,0.318958913473675
2,Adina Conn; Adina Conn,Ann E. Erling Gofus; Ann E. Erling Gofus,0.143831118536403,0.0581380301961915,0.0134374082109133
2,Adina Conn; Adina Conn,Anthony Young; Anthony Young,-0.0627260423565438,0.069970599011428,0.370103651604037
2,Adina Conn; Adina Conn,Arwin Donohue; Arwin Donohue,0.0436206508704843,0.0364587281169498,0.231654081037743
2,Adina Conn; Adina Conn,Chris Johnson; Chris Johnson,0.00822799679532509,0.0536644878286117,0.878157669682318
2,Adina Conn; Adina Conn,Dan Collison,0.00269250257824881,0.0500154517705209,0.957072772247139
2,Adina Conn; Adina Conn,Dan Gedimen; Dan Gedimen,-0.00335248500370662,0.0371412750502177,0.928086389983434
2,Adina Conn; Adina Conn,Dr. Joan Ringelheim; Dr. Joan Ringelheim,0.0933351722305625,0.0305180285174411,0.00225230851751542
2,Adina Conn; Adina Conn,Dr. Radu Ioanid; Dr. Radu Ioanid,-0.0351951455312265,0.0486620713106678,0.469599338912948
2,Adina Conn; Adina Conn,Duncan Little; Duncan Little,-0.0353402177059541,0.0541208915435464,0.513833107359251
2,Adina Conn; Adina Conn,Gail Schwartz; Gail Schwartz,-0.00767713982644594,0.0305187210372159,0.801408454210858
2,Adina Conn; Adina Conn,Holly Snyder; Holly Snyder,0.316716052834309,0.0918160128101993,0.000572275943744905
2,Adina Conn; Adina Conn,Ina Navazelskis; Ina Navazelskis,-0.0193648927566267,0.0290383354377843,0.504922919747803
2,Adina Conn; Adina Conn,Jennifer Clayman,-0.0390570142480478,0.0435088943635963,0.369454969623271
2,Adina Conn; Adina Conn,Judith Goldstein; Judith Goldstein,-0.0583542537064795,0.0487355041885833,0.23129272292451
2,Adina Conn; Adina Conn,Katie Davis,-0.0156180823454577,0.0405223299368303,0.699964133870164
2,Adina Conn; Adina Conn,Katie Davis; Katie Davis,-0.0043257643417981,0.0351744479443617,0.902133921862314
2,Adina Conn; Adina Conn,Linda G. Kuzmack; Linda G. Kuzmack,0.0260566130103322,0.0296258559817116,0.379213940910497
2,Adina Conn; Adina Conn,Melissa Block; Melissa Block,0.0378599570434523,0.0425981272774023,0.374223576401543
2,Adina Conn; Adina Conn,Michael Berenbaum; Dr. Joan Ringelheim,0.339459058520317,0.0570279665225604,3.06498139595592e-09
2,Adina Conn; Adina Conn,Mira Hodos; Mira Hodos,-0.0620081241887788,0.0377265853765921,0.100397795604955
2,Adina Conn; Adina Conn,Mr. Scott Miller; Mr. Scott Miller,0.209308468491581,0.0438092780304863,1.88983904133335e-06
2,Adina Conn; Adina Conn,NULL,-0.020581140921635,0.0295975843871224,0.486899642955564
2,Adina Conn; Adina Conn,Peggy Frankston; Peggy Frankston,-0.00527245876019014,0.0689749213102777,0.939075812672245
2,Adina Conn; Adina Conn,Randy M. Goldman; Randy M. Goldman,0.123957391278831,0.0315381173070338,8.74228654869182e-05
2,Adina Conn; Adina Conn,Regine Beyer,0.0188018339976908,0.0315590925841837,0.551392823594678
2,Adina Conn; Adina Conn,Sandra Bradley,-0.0257617188370787,0.036351455950063,0.478595243128917
2,Adina Conn; Adina Conn,Sandra Bradley; Sandra Bradley,-0.0329944576453711,0.0339135893870053,0.330710988152509
2,Adina Conn; Adina Conn,Sidney M. Bolkosky; Sidney M. Bolkosky,0.00147168116310516,0.0516103916477929,0.977253822192342
2,Adina Conn; Adina Conn,Vera Frankl; Vera Frankl,0.113238951716187,0.0405919620056721,0.0053213039888119
3,Adina Conn; Adina Conn,Agnieszka McClure; Agnieszka McClure,-0.0776845279343503,0.0577911460845592,0.179012913267138
3,Adina Conn; Adina Conn,Ann E. Erling Gofus; Ann E. Erling Gofus,-0.0370547713870093,0.0542552966715127,0.494697312919528
3,Adina Conn; Adina Conn,Anthony Young; Anthony Young,0.0360577946824488,0.0894805249581162,0.687010849400778
3,Adina Conn; Adina Conn,Arwin Donohue; Arwin Donohue,-0.0769905200693949,0.0421524092068746,0.0679134241865807
3,Adina Conn; Adina Conn,Chris Johnson; Chris Johnson,-0.0570551755703959,0.0576838529641681,0.322722287818416
3,Adina Conn; Adina Conn,Dan Collison,-0.0473280651975572,0.0561176209842312,0.399111722409291
3,Adina Conn; Adina Conn,Dan Gedimen; Dan Gedimen,0.00661919828410242,0.0434212914783971,0.878852854352179
3,Adina Conn; Adina Conn,Dr. Joan Ringelheim; Dr. Joan Ringelheim,0.0310346289079744,0.0376966783079699,0.410442384767464
3,Adina Conn; Adina Conn,Dr. Radu Ioanid; Dr. Radu Ioanid,0.163075263371867,0.0616524160374615,0.00822535859616863
3,Adina Conn; Adina Conn,Duncan Little; Duncan Little,0.0453353302040361,0.0657118307516648,0.490322745322634
3,Adina Conn; Adina Conn,Gail Schwartz; Gail Schwartz,-0.00465902021241666,0.0368644667542522,0.89944076742652
3,Adina Conn; Adina Conn,Holly Snyder; Holly Snyder,-0.0641925378641667,0.0653214186099596,0.325854227584375
3,Adina Conn; Adina Conn,Ina Navazelskis; Ina Navazelskis,0.0537355020107511,0.0355959821743482,0.131290437641148
3,Adina Conn; Adina Conn,Jennifer Clayman,0.137987334758751,0.056041884236278,0.0138841967979205
3,Adina Conn; Adina Conn,Judith Goldstein; Judith Goldstein,-0.0561873775822532,0.0584182431568149,0.336249611259148
3,Adina Conn; Adina Conn,Katie Davis,-0.00898595023869524,0.0469196255398091,0.848137488495536
3,Adina Conn; Adina Conn,Katie Davis; Katie Davis,0.420010043580226,0.0473491037247599,1.47287904864156e-18
3,Adina Conn; Adina Conn,Linda G. Kuzmack; Linda G. Kuzmack,0.0882869367950329,0.0370636629801452,0.0173017659130238
3,Adina Conn; Adina Conn,Melissa Block; Melissa Block,-0.0193535564443768,0.0485540761173192,0.69022811740447
3,Adina Conn; Adina Conn,Michael Berenbaum; Dr. Joan Ringelheim,-0.0284647205593106,0.0457762674493616,0.534122884200765
3,Adina Conn; Adina Conn,Mira Hodos; Mira Hodos,0.1853459542196,0.05111648961422,0.000294439205435182
3,Adina Conn; Adina Conn,Mr. Scott Miller; Mr. Scott Miller,-0.0525598418978814,0.0441048525745429,0.233506585670423
3,Adina Conn; Adina Conn,NULL,0.00363903484167188,0.0366498659266559,0.920915551178342
3,Adina Conn; Adina Conn,Peggy Frankston; Peggy Frankston,-0.0655248412253614,0.0816678845443338,0.422446961440924
3,Adina Conn; Adina Conn,Randy M. Goldman; Randy M. Goldman,0.217191867617964,0.0384094530099258,1.76455267662148e-08
3,Adina Conn; Adina Conn,Regine Beyer,0.0551464188740553,0.038235040168579,0.149359887580309
3,Adina Conn; Adina Conn,Sandra Bradley,0.166866196880308,0.0503374691897233,0.000931468522747496
3,Adina Conn; Adina Conn,Sandra Bradley; Sandra Bradley,0.0872521890951287,0.0421402845567769,0.0385202744248505
3,Adina Conn; Adina Conn,Sidney M. Bolkosky; Sidney M. Bolkosky,0.148547144490607,0.0713029756770597,0.0373369166127088
3,Adina Conn; Adina Conn,Vera Frankl; Vera Frankl,-0.0601179249875662,0.0428883147707644,0.161136278693761
4,Adina Conn; Adina Conn,Agnieszka McClure; Agnieszka McClure,0.0235311083229263,0.0576614455960832,0.683246671603103
4,Adina Conn; Adina Conn,Ann E. Erling Gofus; Ann E. Erling Gofus,0.0593527283422498,0.0513236556963196,0.24762673102865
4,Adina Conn; Adina Conn,Anthony Young; Anthony Young,0.100062772387902,0.0822728739320737,0.224027572502326
4,Adina Conn; Adina Conn,Arwin Donohue; Arwin Donohue,0.0289574889999586,0.0400170064737215,0.469370083093299
4,Adina Conn; Adina Conn,Chris Johnson; Chris Johnson,0.0666191027968813,0.0535827688770298,0.213892151930367
4,Adina Conn; Adina Conn,Dan Collison,-0.0228208926751847,0.0498943713286547,0.647440125003284
4,Adina Conn; Adina Conn,Dan Gedimen; Dan Gedimen,-0.0144372926413149,0.0384362464043735,0.707238135188712
4,Adina Conn; Adina Conn,Dr. Joan Ringelheim; Dr. Joan Ringelheim,-0.00351338752498009,0.0333136178718729,0.916017241492783
4,Adina Conn; Adina Conn,Dr. Radu Ioanid; Dr. Radu Ioanid,0.0207791655915608,0.0499101165639972,0.677207864356517
4,Adina Conn; Adina Conn,Duncan Little; Duncan Little,-0.0487111927203257,0.0530180550715522,0.358318589557641
4,Adina Conn; Adina Conn,Gail Schwartz; Gail Schwartz,0.134712819244166,0.0340995237540158,8.0417122075974e-05
4,Adina Conn; Adina Conn,Holly Snyder; Holly Snyder,-0.0353572550726774,0.0558443062486116,0.526708105297456
4,Adina Conn; Adina Conn,Ina Navazelskis; Ina Navazelskis,0.127638636437082,0.0322528790096874,7.81601184847519e-05
4,Adina Conn; Adina Conn,Jennifer Clayman,0.0323906902668254,0.0455088139598786,0.476697860066421
4,Adina Conn; Adina Conn,Judith Goldstein; Judith Goldstein,0.0402911458619626,0.0526509221145576,0.444204423708242
4,Adina Conn; Adina Conn,Katie Davis,0.0397925950111732,0.042755979867047,0.352115621974826
4,Adina Conn; Adina Conn,Katie Davis; Katie Davis,0.0684372203546451,0.0415490652513075,0.0996715608536787
4,Adina Conn; Adina Conn,Linda G. Kuzmack; Linda G. Kuzmack,0.020042202939844,0.0337602622530232,0.552798847730459
4,Adina Conn; Adina Conn,Melissa Block; Melissa Block,-0.0162070618551141,0.0407546283620835,0.690908964613114
4,Adina Conn; Adina Conn,Michael Berenbaum; Dr. Joan Ringelheim,-0.0342837349359353,0.0402285203147281,0.394182161085331
4,Adina Conn; Adina Conn,Mira Hodos; Mira Hodos,0.0235156769314138,0.0443311148692898,0.595849772965963
4,Adina Conn; Adina Conn,Mr. Scott Miller; Mr. Scott Miller,-0.0293107164694851,0.0397168171746927,0.460597630961751
4,Adina Conn; Adina Conn,NULL,0.021772055945115,0.033715322177755,0.518501161455617
4,Adina Conn; Adina Conn,Peggy Frankston; Peggy Frankston,0.0710726494483169,0.0807880188331597,0.379094888267821
4,Adina Conn; Adina Conn,Randy M. Goldman; Randy M. Goldman,0.0128035602839897,0.035947518070083,0.721744627721882
4,Adina Conn; Adina Conn,Regine Beyer,-0.0177881510185015,0.0355614585018674,0.616978138284592
4,Adina Conn; Adina Conn,Sandra Bradley,-0.04189069742588,0.0385234292568772,0.276975460254583
4,Adina Conn; Adina Conn,Sandra Bradley; Sandra Bradley,-0.0241239786522706,0.0385804492892547,0.53184540303882
4,Adina Conn; Adina Conn,Sidney M. Bolkosky; Sidney M. Bolkosky,0.153958090367866,0.0626727784039414,0.0141049904754005
4,Adina Conn; Adina Conn,Vera Frankl; Vera Frankl,-0.0785030637003458,0.0382401509708669,0.0402006177714041
5,Adina Conn; Adina Conn,Agnieszka McClure; Agnieszka McClure,0.00900066387945421,0.0416383784483225,0.828880966276456
5,Adina Conn; Adina Conn,Ann E. Erling Gofus; Ann E. Erling Gofus,-0.0332554429677466,0.0395891011481109,0.400991152561455
5,Adina Conn; Adina Conn,Anthony Young; Anthony Young,0.414502131885587,0.0926406676779081,8.05679933269081e-06
5,Adina Conn; Adina Conn,Arwin Donohue; Arwin Donohue,0.00491873355945813,0.0299955589857748,0.869760322737699
5,Adina Conn; Adina Conn,Chris Johnson; Chris Johnson,-0.0396481749897511,0.0432012700494417,0.358847779642451
5,Adina Conn; Adina Conn,Dan Collison,-0.0185487974037098,0.0454089385034248,0.682958554902303
5,Adina Conn; Adina Conn,Dan Gedimen; Dan Gedimen,-0.0348999799620762,0.0303012646890045,0.249542150463708
5,Adina Conn; Adina Conn,Dr. Joan Ringelheim; Dr. Joan Ringelheim,-0.0312560444518972,0.0255898610778094,0.222056720229543
5,Adina Conn; Adina Conn,Dr. Radu Ioanid; Dr. Radu Ioanid,0.0887573804624112,0.0480865870921127,0.0650580104045508
5,Adina Conn; Adina Conn,Duncan Little; Duncan Little,0.241190790110317,0.0657806200766519,0.000251627957389953
5,Adina Conn; Adina Conn,Gail Schwartz; Gail Schwartz,-0.00791829899107106,0.0258193285298037,0.759115158147656
5,Adina Conn; Adina Conn,Holly Snyder; Holly Snyder,-0.0605469790687563,0.0476627098310859,0.204104293873624
5,Adina Conn; Adina Conn,Ina Navazelskis; Ina Navazelskis,0.0468357773612689,0.0246207698124213,0.0572640191072788
5,Adina Conn; Adina Conn,Jennifer Clayman,-0.0327652275713634,0.0374385468481058,0.381574950274028
5,Adina Conn; Adina Conn,Judith Goldstein; Judith Goldstein,-0.0646592889242569,0.0424453180801537,0.127813563096153
5,Adina Conn; Adina Conn,Katie Davis,-0.0207511319449069,0.0341203000092138,0.54313380508184
5,Adina Conn; Adina Conn,Katie Davis; Katie Davis,0.00927963752504335,0.0291867430994757,0.750560496309148
5,Adina Conn; Adina Conn,Linda G. Kuzmack; Linda G. Kuzmack,0.0402749884654499,0.0255142762993132,0.114588157942633
5,Adina Conn; Adina Conn,Melissa Block; Melissa Block,-0.00810299820054329,0.03515055105339,0.817707088436895
5,Adina Conn; Adina Conn,Michael Berenbaum; Dr. Joan Ringelheim,-0.031128325051029,0.0331509115998776,0.347839674457396
5,Adina Conn; Adina Conn,Mira Hodos; Mira Hodos,0.0458691978499541,0.0345804557061218,0.18482875587704
5,Adina Conn; Adina Conn,Mr. Scott Miller; Mr. Scott Miller,-0.00639966161316126,0.0339274782660517,0.85040202436889
5,Adina Conn; Adina Conn,NULL,0.0183292073479106,0.0252038992591261,0.467158145650745
5,Adina Conn; Adina Conn,Peggy Frankston; Peggy Frankston,-0.00675928538660304,0.0570805722088161,0.905748405433002
5,Adina Conn; Adina Conn,Randy M. Goldman; Randy M. Goldman,-0.0198150199139934,0.0264969395442896,0.454646838186427
5,Adina Conn; Adina Conn,Regine Beyer,0.0220252875733838,0.0265109841915856,0.406177545368289
5,Adina Conn; Adina Conn,Sandra Bradley,0.0249826903394359,0.0319815322112805,0.434792469332057
5,Adina Conn; Adina Conn,Sandra Bradley; Sandra Bradley,0.0807225751213617,0.0317483486355577,0.0110718460470257
5,Adina Conn; Adina Conn,Sidney M. Bolkosky; Sidney M. Bolkosky,0.027599947803889,0.0442739136979704,0.53309237425443
5,Adina Conn; Adina Conn,Vera Frankl; Vera Frankl,0.0412112578770695,0.0305218973358973,0.177084439917505
6,Adina Conn; Adina Conn,Agnieszka McClure; Agnieszka McClure,0.0106511116818303,0.0406006777464718,0.793085207676727
6,Adina Conn; Adina Conn,Ann E. Erling Gofus; Ann E. Erling Gofus,-0.0314690051195337,0.034341399809727,0.359579718725033
6,Adina Conn; Adina Conn,Anthony Young; Anthony Young,-0.0243939383152199,0.0542450345203625,0.652971767296217
6,Adina Conn; Adina Conn,Arwin Donohue; Arwin Donohue,0.016133318064095,0.0293346803204675,0.582392855735043
6,Adina Conn; Adina Conn,Chris Johnson; Chris Johnson,0.0854915774228621,0.0403328843990285,0.0341472668795395
6,Adina Conn; Adina Conn,Dan Collison,0.0302447544212808,0.0395566451027965,0.444595595034204
6,Adina Conn; Adina Conn,Dan Gedimen; Dan Gedimen,0.0608791933586928,0.0297695405781002,0.0409719582465756
6,Adina Conn; Adina Conn,Dr. Joan Ringelheim; Dr. Joan Ringelheim,0.0432754257773855,0.0247908890342391,0.0810168601582717
6,Adina Conn; Adina Conn,Dr. Radu Ioanid; Dr. Radu Ioanid,0.0613446302076628,0.0371937989566568,0.0992239480769342
6,Adina Conn; Adina Conn,Duncan Little; Duncan Little,0.0694663264987636,0.0481633628532639,0.149358233728242
6,Adina Conn; Adina Conn,Gail Schwartz; Gail Schwartz,0.0831328469785676,0.0254103987013911,0.00108590305801565
6,Adina Conn; Adina Conn,Holly Snyder; Holly Snyder,0.00932908416955476,0.0452966932202232,0.836845045862724
6,Adina Conn; Adina Conn,Ina Navazelskis; Ina Navazelskis,0.00108336929515074,0.023795303957243,0.963690028171372
6,Adina Conn; Adina Conn,Jennifer Clayman,-0.0228818142573803,0.0328356942590809,0.485965292661168
6,Adina Conn; Adina Conn,Judith Goldstein; Judith Goldstein,-0.0342501408444305,0.0381420451308115,0.369303552410806
6,Adina Conn; Adina Conn,Katie Davis,0.190166198449153,0.0350281347583024,6.29199972734764e-08
6,Adina Conn; Adina Conn,Katie Davis; Katie Davis,-0.0748989400577564,0.0274131844200323,0.00634110522382797
6,Adina Conn; Adina Conn,Linda G. Kuzmack; Linda G. Kuzmack,0.0186902568201789,0.0241039228099794,0.438184795572865
6,Adina Conn; Adina Conn,Melissa Block; Melissa Block,0.0811946643200096,0.0328902693555161,0.013637724676094
6,Adina Conn; Adina Conn,Michael Berenbaum; Dr. Joan Ringelheim,0.00862320128020157,0.0306751507733172,0.778649713224822
6,Adina Conn; Adina Conn,Mira Hodos; Mira Hodos,0.00630664810165323,0.0305897337351262,0.836678141504717
6,Adina Conn; Adina Conn,Mr. Scott Miller; Mr. Scott Miller,-0.0312125398130397,0.0296393708450259,0.292421294445639
6,Adina Conn; Adina Conn,NULL,-0.00382349701879164,0.0232072976167085,0.869152676071105
6,Adina Conn; Adina Conn,Peggy Frankston; Peggy Frankston,0.0981054974131201,0.0719560962187049,0.17289348608663
6,Adina Conn; Adina Conn,Randy M. Goldman; Randy M. Goldman,-0.0167106414473513,0.0244741985063105,0.49481389930809
6,Adina Conn; Adina Conn,Regine Beyer,-0.0334663628662644,0.0248217591687573,0.177711196925191
6,Adina Conn; Adina Conn,Sandra Bradley,-0.010400018121678,0.0284688942447351,0.714913900076887
6,Adina Conn; Adina Conn,Sandra Bradley; Sandra Bradley,0.0501603093493882,0.0284466460132967,0.0779866368766797
6,Adina Conn; Adina Conn,Sidney M. Bolkosky; Sidney M. Bolkosky,-0.0289538112459529,0.0416416168140209,0.486934769531462
6,Adina Conn; Adina Conn,Vera Frankl; Vera Frankl,0.241917022802987,0.0387344736605859,5.05432386528407e-10
7,Adina Conn; Adina Conn,Agnieszka McClure; Agnieszka McClure,-0.1991050972884,0.0474916384044201,2.86909141375738e-05
7,Adina Conn; Adina Conn,Ann E. Erling Gofus; Ann E. Erling Gofus,-0.233093099487119,0.0405645350731352,1.03921230147168e-08
7,Adina Conn; Adina Conn,Anthony Young; Anthony Young,-0.240961407288099,0.0573240935882149,2.73333366914907e-05
7,Adina Conn; Adina Conn,Arwin Donohue; Arwin Donohue,-0.216106997200888,0.0365201183253322,3.78159007193202e-09
7,Adina Conn; Adina Conn,Chris Johnson; Chris Johnson,-0.138708444870703,0.0490788386568293,0.00475235377779904
7,Adina Conn; Adina Conn,Dan Collison,-0.215109159928468,0.0448192734586405,1.69758093429479e-06
7,Adina Conn; Adina Conn,Dan Gedimen; Dan Gedimen,-0.233100197718082,0.036565620297091,2.22438187529289e-10
7,Adina Conn; Adina Conn,Dr. Joan Ringelheim; Dr. Joan Ringelheim,-0.161554862676554,0.0342400867875995,2.52753591971238e-06
7,Adina Conn; Adina Conn,Dr. Radu Ioanid; Dr. Radu Ioanid,-0.147804006501674,0.0490737552750596,0.00262595467444918
7,Adina Conn; Adina Conn,Duncan Little; Duncan Little,-0.194316533700456,0.0466766656531188,3.26139510890617e-05
7,Adina Conn; Adina Conn,Gail Schwartz; Gail Schwartz,-0.222702268871205,0.0337371199930949,5.09838089455523e-11
7,Adina Conn; Adina Conn,Holly Snyder; Holly Snyder,-0.220518963547109,0.0504900467234734,1.31460839131913e-05
7,Adina Conn; Adina Conn,Ina Navazelskis; Ina Navazelskis,-0.211471326508577,0.0337414015312819,4.40348273199961e-10
7,Adina Conn; Adina Conn,Jennifer Clayman,-0.177396463006084,0.0445995177598816,7.18812228611602e-05
7,Adina Conn; Adina Conn,Judith Goldstein; Judith Goldstein,-0.153889713659617,0.0547066678270183,0.00495176630219505
7,Adina Conn; Adina Conn,Katie Davis,-0.237904091290597,0.0378442517181348,3.90588581230934e-10
7,Adina Conn; Adina Conn,Katie Davis; Katie Davis,-0.207221713500836,0.0376274331458452,4.0710081743498e-08
7,Adina Conn; Adina Conn,Linda G. Kuzmack; Linda G. Kuzmack,-0.0985199528058181,0.033666492559038,0.00346478395563122
7,Adina Conn; Adina Conn,Melissa Block; Melissa Block,-0.191378749395044,0.0406528008339535,2.66188457289578e-06
7,Adina Conn; Adina Conn,Michael Berenbaum; Dr. Joan Ringelheim,-0.202179672331125,0.0390146593492356,2.39340080739076e-07
7,Adina Conn; Adina Conn,Mira Hodos; Mira Hodos,-0.213262179835762,0.0377478583564227,1.81585568071645e-08
7,Adina Conn; Adina Conn,Mr. Scott Miller; Mr. Scott Miller,-0.106362062176453,0.0429379115480238,0.0133195842421561
7,Adina Conn; Adina Conn,NULL,-0.140256990320858,0.033015554138384,2.244592926759e-05
7,Adina Conn; Adina Conn,Peggy Frankston; Peggy Frankston,-0.229595626989958,0.0588808914532638,9.93506819825095e-05
7,Adina Conn; Adina Conn,Randy M. Goldman; Randy M. Goldman,-0.209923979166677,0.0337754475346575,6.10999895945484e-10
7,Adina Conn; Adina Conn,Regine Beyer,-0.218174984220763,0.0337840859249689,1.30222515042189e-10
7,Adina Conn; Adina Conn,Sandra Bradley,-0.156540711586462,0.0381953354848014,4.31050939463741e-05
7,Adina Conn; Adina Conn,Sandra Bradley; Sandra Bradley,-0.0836435483817185,0.0362153327246445,0.021001509496129
7,Adina Conn; Adina Conn,Sidney M. Bolkosky; Sidney M. Bolkosky,-0.226746035741217,0.0454473585320697,6.53769173269106e-07
7,Adina Conn; Adina Conn,Vera Frankl; Vera Frankl,-0.207951823523788,0.0378223129499999,4.28305508787964e-08
8,Adina Conn; Adina Conn,Agnieszka McClure; Agnieszka McClure,-0.0183981381927283,0.0449412890689535,0.68229945274728
8,Adina Conn; Adina Conn,Ann E. Erling Gofus; Ann E. Erling Gofus,-0.0153292518060838,0.0421730046050834,0.716277572956679
8,Adina Conn; Adina Conn,Anthony Young; Anthony Young,-0.050835225317353,0.0637183038352203,0.425065679586205
8,Adina Conn; Adina Conn,Arwin Donohue; Arwin Donohue,-0.0154014504213107,0.0324954045693417,0.635577012135942
8,Adina Conn; Adina Conn,Chris Johnson; Chris Johnson,0.00858730860976896,0.0487154847543801,0.860094335593979
8,Adina Conn; Adina Conn,Dan Collison,0.373449592497555,0.0735291779813937,4.11480307496298e-07
8,Adina Conn; Adina Conn,Dan Gedimen; Dan Gedimen,0.000678862821954321,0.0346934425540653,0.984390189342589
8,Adina Conn; Adina Conn,Dr. Joan Ringelheim; Dr. Joan Ringelheim,0.144021598138547,0.0289722721443701,7.17433319991478e-07
8,Adina Conn; Adina Conn,Dr. Radu Ioanid; Dr. Radu Ioanid,-0.0319510488145599,0.0430044787911033,0.457578975876821
8,Adina Conn; Adina Conn,Duncan Little; Duncan Little,-0.0140393748867011,0.0492907698634547,0.775802972494587
8,Adina Conn; Adina Conn,Gail Schwartz; Gail Schwartz,0.00227787158133235,0.0286891277498449,0.936722938551845
8,Adina Conn; Adina Conn,Holly Snyder; Holly Snyder,0.0748332166870583,0.0637915286532491,0.240886574846522
8,Adina Conn; Adina Conn,Ina Navazelskis; Ina Navazelskis,-0.00293415066034134,0.0276001122316708,0.915346582153727
8,Adina Conn; Adina Conn,Jennifer Clayman,-0.0440361189887295,0.0387157330816806,0.255485802243435
8,Adina Conn; Adina Conn,Judith Goldstein; Judith Goldstein,0.463260883165435,0.0777681515242935,2.98405275212965e-09
8,Adina Conn; Adina Conn,Katie Davis,0.191115005630534,0.0449725831786509,2.23092451220886e-05
8,Adina Conn; Adina Conn,Katie Davis; Katie Davis,0.0170428466903047,0.0326576736405836,0.601817909568056
8,Adina Conn; Adina Conn,Linda G. Kuzmack; Linda G. Kuzmack,-0.00930352491520733,0.0277531291959019,0.737487795136981
8,Adina Conn; Adina Conn,Melissa Block; Melissa Block,0.0148583579884005,0.0375725240660141,0.692543182174283
8,Adina Conn; Adina Conn,Michael Berenbaum; Dr. Joan Ringelheim,0.0240703234521737,0.0399939715846764,0.547336781705072
8,Adina Conn; Adina Conn,Mira Hodos; Mira Hodos,-0.0424433315669581,0.0352612156129457,0.228841501725963
8,Adina Conn; Adina Conn,Mr. Scott Miller; Mr. Scott Miller,0.0787131254504643,0.0392295268078361,0.0449275482171809
8,Adina Conn; Adina Conn,NULL,-0.0134912775801601,0.0280556173346665,0.630652312246315
8,Adina Conn; Adina Conn,Peggy Frankston; Peggy Frankston,-0.00554907103943725,0.0635095425545237,0.930382330216595
8,Adina Conn; Adina Conn,Randy M. Goldman; Randy M. Goldman,-0.00183971860042321,0.0294116915251935,0.950130056877126
8,Adina Conn; Adina Conn,Regine Beyer,0.0205831352844672,0.0294446670616858,0.484598023962592
8,Adina Conn; Adina Conn,Sandra Bradley,0.295188027432543,0.044782030336137,5.42678143128693e-11
8,Adina Conn; Adina Conn,Sandra Bradley; Sandra Bradley,0.0052286024389937,0.0326573206647602,0.872813003059177
8,Adina Conn; Adina Conn,Sidney M. Bolkosky; Sidney M. Bolkosky,-0.0197875205114297,0.0459651017709036,0.666881327630506
8,Adina Conn; Adina Conn,Vera Frankl; Vera Frankl,0.1594273313845,0.0362432464777189,1.14033021653246e-05
9,Adina Conn; Adina Conn,Agnieszka McClure; Agnieszka McClure,-0.0714639331877774,0.0525710876836606,0.174166375197318
9,Adina Conn; Adina Conn,Ann E. Erling Gofus; Ann E. Erling Gofus,-0.165749448228743,0.0408499403153496,5.13264563046963e-05
9,Adina Conn; Adina Conn,Anthony Young; Anthony Young,-0.153566090019325,0.0592103725892285,0.00956155501560202
9,Adina Conn; Adina Conn,Arwin Donohue; Arwin Donohue,-0.0228913843056524,0.0344952054352618,0.507009065446341
9,Adina Conn; Adina Conn,Chris Johnson; Chris Johnson,-0.106492954861762,0.0471727723618045,0.0240739153373612
9,Adina Conn; Adina Conn,Dan Collison,-0.169727743998555,0.0442752433946151,0.000129894685109055
9,Adina Conn; Adina Conn,Dan Gedimen; Dan Gedimen,-0.0631233458675405,0.0376926093704542,0.0941376028634342
9,Adina Conn; Adina Conn,Dr. Joan Ringelheim; Dr. Joan Ringelheim,-0.158380498597966,0.0320304914044475,8.20322369895043e-07
9,Adina Conn; Adina Conn,Dr. Radu Ioanid; Dr. Radu Ioanid,-0.152969315675919,0.0432268250262242,0.000410344779908985
9,Adina Conn; Adina Conn,Duncan Little; Duncan Little,-0.149749662435795,0.0491796309390608,0.00235474382280068
9,Adina Conn; Adina Conn,Gail Schwartz; Gail Schwartz,-0.132576612489914,0.0328685009209888,5.6814548396268e-05
9,Adina Conn; Adina Conn,Holly Snyder; Holly Snyder,-0.195144294000544,0.0484115834209544,5.7443034504749e-05
9,Adina Conn; Adina Conn,Ina Navazelskis; Ina Navazelskis,-0.0765462549293945,0.0309116249063322,0.0133501158782687
9,Adina Conn; Adina Conn,Jennifer Clayman,-0.150573918327644,0.0413109328845027,0.000273701638418382
9,Adina Conn; Adina Conn,Judith Goldstein; Judith Goldstein,-0.187491503228078,0.0443763893420003,2.48651060353133e-05
9,Adina Conn; Adina Conn,Katie Davis,-0.158193165883466,0.037130682433961,2.12613108178233e-05
9,Adina Conn; Adina Conn,Katie Davis; Katie Davis,-0.235627922264799,0.036954658653869,2.20607560243016e-10
9,Adina Conn; Adina Conn,Linda G. Kuzmack; Linda G. Kuzmack,-0.147310233577984,0.0317012762028041,3.57005460141954e-06
9,Adina Conn; Adina Conn,Melissa Block; Melissa Block,-0.0592038961176246,0.0394784483000464,0.133848235603783
9,Adina Conn; Adina Conn,Michael Berenbaum; Dr. Joan Ringelheim,-0.159747844909584,0.0374264761137796,2.05311808270072e-05
9,Adina Conn; Adina Conn,Mira Hodos; Mira Hodos,-0.117172264567258,0.0367976354770949,0.00147166154493132
9,Adina Conn; Adina Conn,Mr. Scott Miller; Mr. Scott Miller,-0.158741834699481,0.0363267525580546,1.30119374190695e-05
9,Adina Conn; Adina Conn,NULL,-0.179320680477849,0.0318887674699918,2.11110763947278e-08
9,Adina Conn; Adina Conn,Peggy Frankston; Peggy Frankston,0.0229996713462226,0.0788931927324892,0.770674067366941
9,Adina Conn; Adina Conn,Randy M. Goldman; Randy M. Goldman,-0.117157777148063,0.0350147802010644,0.000833781809944267
9,Adina Conn; Adina Conn,Regine Beyer,-0.0653529072075239,0.034491968998526,0.0582593680374574
9,Adina Conn; Adina Conn,Sandra Bradley,-0.211010746422811,0.0352945282821013,2.6193611912867e-09
9,Adina Conn; Adina Conn,Sandra Bradley; Sandra Bradley,-0.159215774507095,0.0349283672008818,5.43819580813804e-06
9,Adina Conn; Adina Conn,Sidney M. Bolkosky; Sidney M. Bolkosky,-0.0926885499572611,0.0515279049169672,0.0721867992457014
9,Adina Conn; Adina Conn,Vera Frankl; Vera Frankl,-0.26180906709682,0.0354282841420333,2.07663518333983e-13
10,Adina Conn; Adina Conn,Agnieszka McClure; Agnieszka McClure,-0.00561053207842882,0.0351270636813709,0.873115460586352
10,Adina Conn; Adina Conn,Ann E. Erling Gofus; Ann E. Erling Gofus,0.00907347235446923,0.0338478002012252,0.788673000372613
10,Adina Conn; Adina Conn,Anthony Young; Anthony Young,-0.0158646253599225,0.049422983003178,0.74824319986024
10,Adina Conn; Adina Conn,Arwin Donohue; Arwin Donohue,0.0097007557133465,0.0257205915251916,0.706091717281183
10,Adina Conn; Adina Conn,Chris Johnson; Chris Johnson,0.0066296606439422,0.037605802853895,0.860079544369669
10,Adina Conn; Adina Conn,Dan Collison,0.0881059199676076,0.0476014031674551,0.0643163748756422
10,Adina Conn; Adina Conn,Dan Gedimen; Dan Gedimen,0.229698316380986,0.0369631244972258,6.14941429078529e-10
10,Adina Conn; Adina Conn,Dr. Joan Ringelheim; Dr. Joan Ringelheim,-0.00666441626797971,0.0220505392349392,0.762502465049681
10,Adina Conn; Adina Conn,Dr. Radu Ioanid; Dr. Radu Ioanid,-0.0166185510772451,0.0328423393444565,0.612900327194279
10,Adina Conn; Adina Conn,Duncan Little; Duncan Little,-0.0177999129703271,0.0371043882790189,0.631470416661836
10,Adina Conn; Adina Conn,Gail Schwartz; Gail Schwartz,-0.000424290529232386,0.0221051602484284,0.984687936407514
10,Adina Conn; Adina Conn,Holly Snyder; Holly Snyder,0.0290826796593941,0.0473774871033569,0.53937776138491
10,Adina Conn; Adina Conn,Ina Navazelskis; Ina Navazelskis,-0.00339889440802979,0.0211223767924252,0.872175594843225
10,Adina Conn; Adina Conn,Jennifer Clayman,-0.0157974086691654,0.0299737910105581,0.598218418995552
10,Adina Conn; Adina Conn,Judith Goldstein; Judith Goldstein,-0.0162847338951778,0.0352275635710627,0.643931608959122
10,Adina Conn; Adina Conn,Katie Davis,0.0102953271847629,0.0292901485904505,0.725251015610129
10,Adina Conn; Adina Conn,Katie Davis; Katie Davis,-0.00726688348878632,0.0248715976965775,0.770179611219789
10,Adina Conn; Adina Conn,Linda G. Kuzmack; Linda G. Kuzmack,-0.0044611563001705,0.0213287796948771,0.834341641140414
10,Adina Conn; Adina Conn,Melissa Block; Melissa Block,0.0550256538502524,0.0319785703985806,0.0854450956982979
10,Adina Conn; Adina Conn,Michael Berenbaum; Dr. Joan Ringelheim,0.000680681732442719,0.028521731355137,0.980962158803981
10,Adina Conn; Adina Conn,Mira Hodos; Mira Hodos,-0.0109017689094332,0.0275340756687827,0.692189624051817
10,Adina Conn; Adina Conn,Mr. Scott Miller; Mr. Scott Miller,0.0423812997212973,0.0277245037610049,0.12649280584454
10,Adina Conn; Adina Conn,NULL,0.13528194883128,0.0235013825704022,9.79740505789432e-09
10,Adina Conn; Adina Conn,Peggy Frankston; Peggy Frankston,-0.00435770616359797,0.0491491094895928,0.929357826172802
10,Adina Conn; Adina Conn,Randy M. Goldman; Randy M. Goldman,-0.00474949870859197,0.0226337880117796,0.833811124383806
10,Adina Conn; Adina Conn,Regine Beyer,0.0429930123377299,0.0239510332188048,0.0727848137738441
10,Adina Conn; Adina Conn,Sandra Bradley,-0.0115179452836773,0.0257794096649344,0.655071690256308
10,Adina Conn; Adina Conn,Sandra Bradley; Sandra Bradley,-0.000258957659939024,0.0247659253315871,0.991658252925414
10,Adina Conn; Adina Conn,Sidney M. Bolkosky; Sidney M. Bolkosky,0.0173181779652039,0.0394003381300428,0.660310637004613
10,Adina Conn; Adina Conn,Vera Frankl; Vera Frankl,0.030119848137943,0.0279406822572449,0.281155195951506
11,Adina Conn; Adina Conn,Agnieszka McClure; Agnieszka McClure,0.0528380097729982,0.0360605689174273,0.14299357574315
11,Adina Conn; Adina Conn,Ann E. Erling Gofus; Ann E. Erling Gofus,0.0166693909352207,0.0349205863497854,0.633159307964292
11,Adina Conn; Adina Conn,Anthony Young; Anthony Young,-0.0460256402954291,0.0453469435500331,0.31023323026663
11,Adina Conn; Adina Conn,Arwin Donohue; Arwin Donohue,0.00378748339143912,0.0241316246804245,0.875297835912626
11,Adina Conn; Adina Conn,Chris Johnson; Chris Johnson,0.0745386898364339,0.0343228613919157,0.0299853614170302
11,Adina Conn; Adina Conn,Dan Collison,-0.0518172361284863,0.0312164796871073,0.0970705676284158
11,Adina Conn; Adina Conn,Dan Gedimen; Dan Gedimen,-0.027070843975448,0.0235715178989239,0.250905290572469
11,Adina Conn; Adina Conn,Dr. Joan Ringelheim; Dr. Joan Ringelheim,0.00574042715936174,0.0202506428684428,0.776844089662205
11,Adina Conn; Adina Conn,Dr. Radu Ioanid; Dr. Radu Ioanid,0.0151948465056519,0.0331872761668049,0.647104277372876
11,Adina Conn; Adina Conn,Duncan Little; Duncan Little,0.069113347828278,0.0439772006821099,0.116193520738283
11,Adina Conn; Adina Conn,Gail Schwartz; Gail Schwartz,-0.00672122720889135,0.0203121730281196,0.740754153949129
11,Adina Conn; Adina Conn,Holly Snyder; Holly Snyder,-0.0438334624600326,0.0360484489975788,0.224130656013037
11,Adina Conn; Adina Conn,Ina Navazelskis; Ina Navazelskis,-0.0196372437996358,0.0192837915316007,0.308633559630534
11,Adina Conn; Adina Conn,Jennifer Clayman,0.234844769340592,0.0362521238329616,1.14235130423913e-10
11,Adina Conn; Adina Conn,Judith Goldstein; Judith Goldstein,-0.0493250556033484,0.0312970469943316,0.115162817198627
11,Adina Conn; Adina Conn,Katie Davis,-0.0374368286623341,0.0257071991952048,0.145458412466194
11,Adina Conn; Adina Conn,Katie Davis; Katie Davis,-0.0272265890435391,0.0228832137663301,0.234250907534924
11,Adina Conn; Adina Conn,Linda G. Kuzmack; Linda G. Kuzmack,0.0197766519225843,0.0199816594254413,0.322409903403586
11,Adina Conn; Adina Conn,Melissa Block; Melissa Block,-0.0114376523951,0.0258560831379267,0.658273429714321
11,Adina Conn; Adina Conn,Michael Berenbaum; Dr. Joan Ringelheim,0.0377355207399159,0.0278925025908345,0.176229347981027
11,Adina Conn; Adina Conn,Mira Hodos; Mira Hodos,0.199383210109802,0.0321857282198036,6.94565139365832e-10
11,Adina Conn; Adina Conn,Mr. Scott Miller; Mr. Scott Miller,0.0233973663018666,0.0259456221745877,0.367269893075293
11,Adina Conn; Adina Conn,NULL,-0.0197219137054276,0.0200342033561331,0.325021091888542
11,Adina Conn; Adina Conn,Peggy Frankston; Peggy Frankston,-0.0188282500608777,0.0441409879331839,0.669750295013786
11,Adina Conn; Adina Conn,Randy M. Goldman; Randy M. Goldman,-0.00990431597657283,0.020411101312289,0.627553251509145
11,Adina Conn; Adina Conn,Regine Beyer,0.0123772561452346,0.0213011024888817,0.561258322224952
11,Adina Conn; Adina Conn,Sandra Bradley,-0.0273053731220701,0.0237903877369099,0.251197289086015
11,Adina Conn; Adina Conn,Sandra Bradley; Sandra Bradley,0.0518037673830788,0.0235330564109244,0.027816892472431
11,Adina Conn; Adina Conn,Sidney M. Bolkosky; Sidney M. Bolkosky,-0.0239039846635255,0.0326495454605989,0.464162072550096
11,Adina Conn; Adina Conn,Vera Frankl; Vera Frankl,-0.00989799062391999,0.0230661852486803,0.667883283483212
12,Adina Conn; Adina Conn,Agnieszka McClure; Agnieszka McClure,0.183995291493324,0.0525238943849364,0.000469090602858051
12,Adina Conn; Adina Conn,Ann E. Erling Gofus; Ann E. Erling Gofus,0.218171048967227,0.0441433742589393,8.30167935437158e-07
12,Adina Conn; Adina Conn,Anthony Young; Anthony Young,0.014243641826338,0.0649541764070328,0.826446397228939
12,Adina Conn; Adina Conn,Arwin Donohue; Arwin Donohue,0.207660225375827,0.0354968485351778,5.64695966906398e-09
12,Adina Conn; Adina Conn,Chris Johnson; Chris Johnson,0.0424202467972892,0.0459837181360945,0.356365915800272
12,Adina Conn; Adina Conn,Dan Collison,0.0305850407322429,0.0445536192796175,0.492484591812676
12,Adina Conn; Adina Conn,Dan Gedimen; Dan Gedimen,0.0533677480837467,0.032715742159592,0.10297939491962
12,Adina Conn; Adina Conn,Dr. Joan Ringelheim; Dr. Joan Ringelheim,0.0305180119545989,0.0259925103214139,0.24047882800389
12,Adina Conn; Adina Conn,Dr. Radu Ioanid; Dr. Radu Ioanid,-0.0283514098558589,0.0397757187588689,0.476056323758068
12,Adina Conn; Adina Conn,Duncan Little; Duncan Little,-0.0308060683466635,0.0447508057724817,0.491278905948434
12,Adina Conn; Adina Conn,Gail Schwartz; Gail Schwartz,0.113592816131649,0.0263232493022205,1.6643668500882e-05
12,Adina Conn; Adina Conn,Holly Snyder; Holly Snyder,0.107264160568329,0.0593394867548954,0.070799723157221
12,Adina Conn; Adina Conn,Ina Navazelskis; Ina Navazelskis,0.0675898869158186,0.0253800129165019,0.00779851079267719
12,Adina Conn; Adina Conn,Jennifer Clayman,0.0597696959815781,0.0392358574580188,0.127816398701252
12,Adina Conn; Adina Conn,Judith Goldstein; Judith Goldstein,0.0753064595089946,0.0513212586382853,0.142422625036265
12,Adina Conn; Adina Conn,Katie Davis,0.042078136995551,0.0351717056122707,0.231683681858746
12,Adina Conn; Adina Conn,Katie Davis; Katie Davis,0.0509289939359755,0.0311000707350625,0.101651342991439
12,Adina Conn; Adina Conn,Linda G. Kuzmack; Linda G. Kuzmack,0.0177695471522731,0.0256684429098672,0.488839486161632
12,Adina Conn; Adina Conn,Melissa Block; Melissa Block,0.0705131519216494,0.0366217779358077,0.0543026435365557
12,Adina Conn; Adina Conn,Michael Berenbaum; Dr. Joan Ringelheim,0.0348792638402974,0.0339285039207485,0.30405222544668
12,Adina Conn; Adina Conn,Mira Hodos; Mira Hodos,-0.0323731729762133,0.0325909993053068,0.320664991802942
12,Adina Conn; Adina Conn,Mr. Scott Miller; Mr. Scott Miller,0.0121874235297625,0.0321980988500749,0.70508547724955
12,Adina Conn; Adina Conn,NULL,0.0108870042183372,0.0255097131243277,0.66958220446247
12,Adina Conn; Adina Conn,Peggy Frankston; Peggy Frankston,0.0228842771651136,0.0599787384174966,0.702839556812248
12,Adina Conn; Adina Conn,Randy M. Goldman; Randy M. Goldman,0.00632103196937459,0.027003660076765,0.814944205342551
12,Adina Conn; Adina Conn,Regine Beyer,0.164843807207591,0.0290441737050518,1.56410684203421e-08
12,Adina Conn; Adina Conn,Sandra Bradley,-0.0255090726838719,0.0307688302304857,0.407162813274479
12,Adina Conn; Adina Conn,Sandra Bradley; Sandra Bradley,0.00922073825208561,0.0293529479536979,0.753449573729552
12,Adina Conn; Adina Conn,Sidney M. Bolkosky; Sidney M. Bolkosky,0.012984181215988,0.0442288390419679,0.76911554654277
12,Adina Conn; Adina Conn,Vera Frankl; Vera Frankl,0.0268512691498124,0.0315439579473729,0.394732337146463
